<?xml version="1.0" encoding="UTF-8"?>
<project-private xmlns="http://www.netbeans.org/ns/project-private/1">
    <editor-bookmarks xmlns="http://www.netbeans.org/ns/editor-bookmarks/2" lastBookmarkId="0"/>
    <open-files xmlns="http://www.netbeans.org/ns/projectui-open-files/2">
        <group>
            <file>file:/C:/Users/user/OneDrive/Documents/NetBeansProjects/Lam_Pedro_JavaAssignment1/Lam_Pedro_JavaAssignment/Lam_Pedro_JavaAssignment/src/javaassignmentReal/FileOperations.java</file>
            <file>file:/C:/Users/user/OneDrive/Documents/NetBeansProjects/Lam_Pedro_JavaAssignment1/Lam_Pedro_JavaAssignment/Lam_Pedro_JavaAssignment/src/javaassignmentReal/Booking.java</file>
            <file>file:/C:/Users/user/OneDrive/Documents/NetBeansProjects/Lam_Pedro_JavaAssignment1/Lam_Pedro_JavaAssignment/Lam_Pedro_JavaAssignment/src/javaassignmentReal/Report.java</file>
        </group>
    </open-files>
</project-private>
